number_of_compartments,number_of_channels,run_time,dt,number_of_spikes,mean_spike_interval,variance_spike_interval
70,277,0.380494117737,5e-05,84,118.975903614,0.023515749746
73,289,0.386685848236,5e-05,51,195.66,0.2244
81,323,0.436487913132,5e-05,2,755.0,0.0
81,321,0.434412956238,5e-05,2,39.0,0.0
85,337,0.44170999527,5e-05,83,120.097560976,0.0880428316478
88,349,0.475483894348,5e-05,2,32.0,0.0
93,369,0.490859031677,5e-05,1,-1.0,-1.0
99,395,0.532541036606,5e-05,1,-1.0,-1.0
100,397,0.537605047226,5e-05,2,32.0,0.0
101,401,0.538484096527,5e-05,84,118.987951807,0.011903033822
104,413,0.558231830597,5e-05,92,109.406593407,0.307209274242
108,429,0.574182033539,5e-05,1,-1.0,-1.0
113,449,0.601337909698,5e-05,1,-1.0,-1.0
115,457,0.609079122543,5e-05,88,113.988505747,0.0113621350244
117,465,0.619172096252,5e-05,56,178.490909091,0.249917355372
119,473,0.619814872742,5e-05,71,140.742857143,0.191020408163
126,501,0.671804904938,5e-05,69,144.573529412,0.244593425606
130,517,0.67702794075,5e-05,73,137.875,0.109375
131,521,0.678711175919,5e-05,1,-1.0,-1.0
131,521,0.691550970078,5e-05,1,-1.0,-1.0
133,529,0.686686992645,5e-05,80,125.417721519,0.243230251562
135,537,0.705490112305,5e-05,2,35.0,0.0
137,545,0.70698595047,5e-05,57,174.571428571,0.244897959184
137,545,0.716649055481,5e-05,1,-1.0,-1.0
138,549,0.724339962006,5e-05,66,151.661538462,0.223905325444
139,553,0.734724998474,5e-05,68,148.0,0.0298507462687
139,553,0.74621295929,5e-05,2,39.0,0.0
143,569,0.755391836166,5e-05,66,152.769230769,0.177514792899
144,573,0.754971027374,5e-05,44,227.441860465,0.29313142239
146,581,0.781263828278,5e-05,1,-1.0,-1.0
150,597,0.838880062103,5e-05,61,163.483333333,0.249722222222
151,601,0.776386976242,5e-05,61,162.7,0.21
152,605,0.791676044464,5e-05,65,154.078125,0.103271484375
152,605,0.794790029526,5e-05,92,108.32967033,0.242965825383
154,613,0.838953018188,5e-05,1,-1.0,-1.0
155,617,0.81472492218,5e-05,2,29.0,0.0
156,621,0.804759979248,5e-05,69,145.911764706,0.0804498269896
158,629,0.817651033401,5e-05,58,173.894736842,0.0941828254848
161,642,0.853277921677,5e-05,74,135.342465753,0.581347344718
161,642,0.895362854004,5e-05,74,135.342465753,0.581347344718
162,646,0.888630151749,5e-05,79,126.743589744,2.03681788297
164,653,0.864742040634,5e-05,63,159.096774194,0.119667013528
164,653,0.864959955215,5e-05,2,37.0,0.0
167,665,0.875832080841,5e-05,60,167.491525424,0.249928181557
170,677,0.919703006744,5e-05,1,-1.0,-1.0
175,697,0.938163042068,5e-05,54,183.754716981,0.185119259523
175,697,0.91854095459,5e-05,1,-1.0,-1.0
176,701,0.946613073349,5e-05,3,42.5,0.25
177,705,0.960211992264,5e-05,2,33.0,0.0
177,705,0.934736013412,5e-05,65,153.796875,0.161865234375
177,706,0.943811893463,5e-05,51,194.36,0.3904
177,705,1.01971197128,5e-05,2,33.0,0.0
183,729,0.994484901428,5e-05,55,182.759259259,0.182784636488
187,745,1.00338101387,5e-05,1,-1.0,-1.0
190,757,0.986562013626,5e-05,1,-1.0,-1.0
190,757,1.01106286049,5e-05,1,-1.0,-1.0
191,761,1.0228998661,5e-05,1,-1.0,-1.0
191,761,1.0459318161,5e-05,1,-1.0,-1.0
193,769,1.00107121468,5e-05,71,141.342857143,0.25387755102
194,773,1.01968693733,5e-05,1,-1.0,-1.0
194,773,1.0332839489,5e-05,1,-1.0,-1.0
194,773,1.04467821121,5e-05,1,-1.0,-1.0
195,778,1.01943612099,5e-05,56,178.818181818,0.948760330579
197,785,1.03960514069,5e-05,51,197.28,0.2016
198,789,1.04033184052,5e-05,59,169.862068966,0.118906064209
200,798,1.09563207626,5e-05,74,134.383561644,1.33233252017
200,798,1.14495611191,5e-05,74,134.383561644,1.33233252017
202,805,1.05846714973,5e-05,1,-1.0,-1.0
202,806,1.09944605827,5e-05,81,122.7875,0.19234375
202,805,1.09920907021,5e-05,1,-1.0,-1.0
203,809,1.06318187714,5e-05,43,230.547619048,0.295351473923
203,809,1.07226705551,5e-05,3,47.5,0.25
204,813,1.08950090408,5e-05,68,147.28358209,0.531521496993
205,817,1.09414315224,5e-05,2,31.0,0.0
207,825,1.05971884727,5e-05,1,-1.0,-1.0
207,825,1.08966302872,5e-05,2,31.0,0.0
208,829,1.09055304527,5e-05,3,42.0,1.0
215,857,1.11558508873,5e-05,2,37.0,0.0
221,881,1.15207290649,5e-05,1,-1.0,-1.0
221,881,1.19714283943,5e-05,1,-1.0,-1.0
223,889,1.18357896805,5e-05,2,29.0,0.0
223,889,1.19936394691,5e-05,1,-1.0,-1.0
223,889,1.22218298912,5e-05,2,29.0,0.0
226,901,1.16681003571,5e-05,2,36.0,0.0
226,902,1.18658709526,5e-05,30,336.965517241,1.48156956005
226,901,1.29458498955,5e-05,2,36.0,0.0
227,896,1.14844107628,5e-05,3,41.0,0.0
227,896,1.18113994598,5e-05,3,41.0,0.0
228,909,1.19941902161,5e-05,1,-1.0,-1.0
228,909,1.18060398102,5e-05,48,209.425531915,0.244454504301
228,909,1.21679091454,5e-05,1,-1.0,-1.0
229,915,1.19029998779,5e-05,2,37.0,0.0
229,913,1.19399094582,5e-05,30,327.655172414,0.501783590963
229,899,1.14777493477,5e-05,2,35.0,0.0
229,915,1.21310997009,5e-05,2,37.0,0.0
230,917,1.17466402054,5e-05,34,292.090909091,0.203856749311
231,921,1.21272993088,5e-05,1,-1.0,-1.0
234,702,1.06369709969,5e-05,170,58.9763313609,0.0586113931585
234,702,1.07286882401,5e-05,170,58.9763313609,0.0586113931585
235,937,1.25432705879,5e-05,2,33.0,0.0
235,937,1.22639083862,5e-05,2,29.0,0.0
235,937,1.28870391846,5e-05,2,33.0,0.0
236,941,1.24604320526,5e-05,1,-1.0,-1.0
241,961,1.24427294731,5e-05,1,-1.0,-1.0
242,965,1.26749801636,5e-05,31,324.833333333,0.138888888889
245,977,1.26992893219,5e-05,2,31.0,0.0
245,977,1.30520105362,5e-05,2,31.0,0.0
248,989,1.30014491081,5e-05,94,106.408602151,0.263151809458
248,989,1.31815981865,5e-05,94,106.408602151,0.263151809458
250,997,1.29843521118,5e-05,2,33.0,0.0
250,997,1.35013484955,5e-05,2,33.0,0.0
253,1009,1.30699896812,5e-05,1,-1.0,-1.0
253,1009,1.40443897247,5e-05,1,-1.0,-1.0
254,1013,1.3113219738,5e-05,34,289.909090909,0.143250688705
255,1017,1.31125307083,5e-05,41,242.1,0.14
260,1000,1.3876850605,5e-05,5,44.5,2.25
260,1000,1.6581890583,5e-05,5,44.5,2.25
261,1041,1.38492703438,5e-05,1,-1.0,-1.0
261,1041,1.35837292671,5e-05,1,-1.0,-1.0
261,1041,1.40398001671,5e-05,1,-1.0,-1.0
261,1041,1.3860809803,5e-05,1,-1.0,-1.0
262,1045,1.39454507828,5e-05,1,-1.0,-1.0
262,1045,1.43468093872,5e-05,1,-1.0,-1.0
263,1049,1.38165807724,5e-05,1,-1.0,-1.0
263,1049,1.4246840477,5e-05,1,-1.0,-1.0
264,1053,1.3796980381,5e-05,1,-1.0,-1.0
264,1053,1.40273714066,5e-05,2,29.0,0.0
264,1053,1.35030698776,5e-05,0,-1.0,-1.0
264,1053,1.414041996,5e-05,1,-1.0,-1.0
264,1053,1.43584918976,5e-05,2,29.0,0.0
272,1085,1.39949893951,5e-05,1,-1.0,-1.0
273,1089,1.43148303032,5e-05,1,-1.0,-1.0
273,1089,1.44771003723,5e-05,1,-1.0,-1.0
274,1079,1.43277788162,5e-05,2,30.0,0.0
274,1079,1.45273995399,5e-05,2,30.0,0.0
276,1101,1.44866085052,5e-05,1,-1.0,-1.0
276,1101,1.46352601051,5e-05,1,-1.0,-1.0
276,1101,1.47488594055,5e-05,2,38.0,0.0
276,1101,1.48541688919,5e-05,1,-1.0,-1.0
276,1101,1.49079585075,5e-05,1,-1.0,-1.0
277,1105,1.44661998749,5e-05,2,40.0,0.0
278,1109,1.45975399017,5e-05,2,30.0,0.0
279,1113,1.50851082802,5e-05,2,35.0,0.0
279,1113,1.54569506645,5e-05,2,35.0,0.0
282,1098,1.45092105865,5e-05,2,38.0,0.0
282,1125,1.48318004608,5e-05,2,29.0,0.0
282,1098,1.49495792389,5e-05,2,38.0,0.0
282,1125,1.54224705696,5e-05,2,29.0,0.0
284,1133,1.46611785889,5e-05,3,43.5,0.25
284,1133,1.50826311111,5e-05,3,43.5,0.25
285,1137,1.48873806,5e-05,1,-1.0,-1.0
285,1137,1.48128294945,5e-05,2,46.0,0.0
285,1137,1.51438689232,5e-05,1,-1.0,-1.0
286,1143,1.47307705879,5e-05,2,31.0,0.0
286,1143,1.5202999115,5e-05,2,31.0,0.0
287,1145,1.51311182976,5e-05,2,29.0,0.0
292,1165,1.50150084496,5e-05,2,37.0,0.0
295,1177,1.54389190674,5e-05,2,34.0,0.0
295,1177,1.62629318237,5e-05,2,34.0,0.0
296,1181,1.55926704407,5e-05,1,-1.0,-1.0
298,1189,1.52976799011,5e-05,2,32.0,0.0
298,1189,1.59137201309,5e-05,2,32.0,0.0
301,1201,1.56976103783,5e-05,1,-1.0,-1.0
301,1201,1.60678100586,5e-05,1,-1.0,-1.0
302,1198,1.60104608536,5e-05,2,33.0,0.0
302,1198,1.62583398819,5e-05,2,33.0,0.0
306,1221,1.6210269928,5e-05,1,-1.0,-1.0
306,1221,1.62064504623,5e-05,1,-1.0,-1.0
307,1227,1.60592293739,5e-05,108,92.2429906542,0.183946196174
310,1237,1.60378789902,5e-05,2,39.0,0.0
314,1241,1.6253991127,5e-05,0,-1.0,-1.0
314,1241,1.67770290375,5e-05,0,-1.0,-1.0
317,1265,1.66679096222,5e-05,1,-1.0,-1.0
317,1265,1.66432118416,5e-05,1,-1.0,-1.0
318,1269,1.66196012497,5e-05,2,38.0,0.0
318,1269,1.74621200562,5e-05,2,38.0,0.0
320,1277,1.65749907494,5e-05,2,29.0,0.0
320,1277,1.75056695938,5e-05,2,29.0,0.0
322,1285,1.65031695366,5e-05,46,216.977777778,0.0217283950617
323,1289,1.68744587898,5e-05,2,35.0,0.0
323,1289,1.77138400078,5e-05,2,35.0,0.0
327,1305,1.69803905487,5e-05,1,-1.0,-1.0
327,1305,1.76033687592,5e-05,1,-1.0,-1.0
330,1319,1.67957806587,5e-05,6,71.0,0.4
331,1321,1.70740413666,5e-05,28,359.518518519,0.323731138546
334,1335,1.78436803818,5e-05,1,-1.0,-1.0
335,1337,1.74794697762,5e-05,2,32.0,0.0
335,1337,1.79452705383,5e-05,2,32.0,0.0
336,1341,1.72611403465,5e-05,6,61.4,10.64
339,1353,1.76698708534,5e-05,1,-1.0,-1.0
339,1353,1.825963974,5e-05,1,-1.0,-1.0
346,1381,1.86929392815,5e-05,2,36.0,0.0
346,1381,1.98343896866,5e-05,2,36.0,0.0
349,1393,1.8205499649,5e-05,2,29.0,0.0
349,1393,1.84951806068,5e-05,2,29.0,0.0
352,1405,1.86655187607,5e-05,2,33.0,0.0
352,1407,1.78317523003,5e-05,106,93.9904761905,0.333242630385
352,1405,1.92543697357,5e-05,2,33.0,0.0
353,1411,1.83666419983,5e-05,2,30.0,0.0
353,1411,1.86993718147,5e-05,2,30.0,0.0
355,1417,1.84527587891,5e-05,1,-1.0,-1.0
355,1417,1.88479304314,5e-05,1,-1.0,-1.0
359,1433,1.84814310074,5e-05,2,37.0,0.0
361,1441,1.89946508408,5e-05,1,-1.0,-1.0
361,1441,1.88721084595,5e-05,2,28.0,0.0
361,1441,1.9203338623,5e-05,1,-1.0,-1.0
361,1441,1.92654800415,5e-05,2,28.0,0.0
366,1335,1.81974101067,5e-05,2,32.0,0.0
366,1335,1.87480211258,5e-05,2,32.0,0.0
368,1471,1.91454601288,5e-05,2,434.0,0.0
371,1481,1.94140100479,5e-05,2,31.0,0.0
371,1481,2.03016710281,5e-05,2,31.0,0.0
377,1505,1.98517990112,5e-05,2,32.0,0.0
377,1505,1.96235108376,5e-05,1,-1.0,-1.0
377,1507,1.9401049614,5e-05,1,-1.0,-1.0
377,1505,2.03876495361,5e-05,2,32.0,0.0
377,1505,2.0654668808,5e-05,1,-1.0,-1.0
384,1533,2.22975802422,5e-05,4,60.3333333333,6.22222222222
384,1533,1.99383687973,5e-05,4,61.0,4.66666666667
384,1533,2.04927587509,5e-05,4,60.3333333333,6.22222222222
384,1533,2.05381393433,5e-05,4,61.0,4.66666666667
388,1534,2.04630112648,5e-05,163,61.4938271605,1.99070263679
388,1534,2.0665678978,5e-05,163,61.4938271605,1.99070263679
390,1557,2.04399108887,5e-05,2,46.0,0.0
391,1561,2.08968496323,5e-05,12,67.8181818182,18.1487603306
393,1569,2.12076497078,5e-05,4,49.0,0.666666666667
393,1571,2.00741004944,5e-05,1,-1.0,-1.0
393,1569,2.223965168,5e-05,4,49.0,0.666666666667
394,1573,2.28465199471,5e-05,2,29.0,0.0
394,1573,2.17158412933,5e-05,2,29.0,0.0
398,1591,2.0457649231,5e-05,4,48.0,2.66666666667
398,1591,2.09336805344,5e-05,4,48.0,2.66666666667
399,1593,2.09914803505,5e-05,3,41.0,1.0
399,1593,2.15284514427,5e-05,3,41.0,1.0
400,1597,2.06712603569,5e-05,2,104.0,0.0
401,1601,2.10139393806,5e-05,1,-1.0,-1.0
401,1601,2.12733983994,5e-05,151,66.12,0.318933333333
401,1601,2.17164993286,5e-05,1,-1.0,-1.0
402,1607,2.07632303238,5e-05,93,107.815217391,0.650637996219
403,1609,2.11110210419,5e-05,2,42.0,0.0
416,1661,2.16834902763,5e-05,2,29.0,0.0
416,1661,2.17496013641,5e-05,2,34.0,0.0
416,1661,2.21879911423,5e-05,2,29.0,0.0
416,1661,2.22443008423,5e-05,2,34.0,0.0
420,1679,2.16415119171,5e-05,80,125.784810127,0.244832558885
421,1683,2.19496107101,5e-05,1,-1.0,-1.0
423,1689,2.19104599953,5e-05,2,32.0,0.0
423,1689,2.28116083145,5e-05,2,32.0,0.0
427,1707,2.19992280006,5e-05,99,101.0,0.30612244898
428,1711,2.23548197746,5e-05,90,111.112359551,0.0997348819593
429,1714,2.2202539444,5e-05,70,142.231884058,0.641881957572
431,1723,2.19348692894,5e-05,80,125.443037975,0.246755327672
438,1749,2.30058193207,5e-05,2,32.0,0.0
438,1749,2.33553600311,5e-05,2,32.0,0.0
447,1716,2.24691486359,5e-05,1,-1.0,-1.0
447,1787,2.29958105087,5e-05,64,156.936507937,0.0912068531116
447,1716,2.32590389252,5e-05,1,-1.0,-1.0
449,1793,2.34742903709,5e-05,1,-1.0,-1.0
450,1799,2.30520486832,5e-05,106,94.4952380952,2.72616780045
452,1805,2.3948829174,5e-05,3,48.0,0.0
452,1805,2.39214086533,5e-05,3,48.0,0.0
452,1805,2.51265978813,5e-05,3,48.0,0.0
452,1805,2.45915293694,5e-05,3,48.0,0.0
457,1827,2.39786791801,5e-05,2,36.0,0.0
457,1827,2.45272111893,5e-05,2,36.0,0.0
458,1831,2.35397911072,5e-05,103,97.5490196078,0.326028450596
458,1831,2.32768201828,5e-05,5,108.5,7453.25
462,1845,2.33985996246,5e-05,2,38.0,0.0
473,1889,2.43260407448,5e-05,2,29.0,0.0
473,1889,2.54611897469,5e-05,2,29.0,0.0
475,1897,2.42226910591,5e-05,1,-1.0,-1.0
483,1929,2.53405284882,5e-05,1,-1.0,-1.0
483,1929,2.49905800819,5e-05,2,30.0,0.0
483,1929,2.61781692505,5e-05,1,-1.0,-1.0
483,1929,2.56615710258,5e-05,2,30.0,0.0
485,1937,2.50064015388,5e-05,2,44.0,0.0
493,1969,2.54772400856,5e-05,1,-1.0,-1.0
493,1969,2.59638905525,5e-05,1,-1.0,-1.0
494,1728,2.39254498482,5e-05,2,29.0,0.0
494,1728,2.45493721962,5e-05,2,29.0,0.0
495,1979,2.53646087646,5e-05,64,156.682539683,0.216679264298
500,1999,2.54317307472,5e-05,34,297.484848485,2.61340679522
501,2003,2.63018798828,5e-05,2,37.0,0.0
501,2003,2.54970312119,5e-05,3,40.0,0.0
501,2003,2.64452600479,5e-05,2,37.0,0.0
501,2003,2.66201806068,5e-05,3,40.0,0.0
504,2015,2.53778791428,5e-05,3,39.0,0.0
504,2015,2.60150098801,5e-05,67,150.136363636,0.238980716253
504,2015,2.63323116302,5e-05,3,39.0,0.0
506,2021,2.70161509514,5e-05,3,43.5,0.25
506,2021,2.54763197899,5e-05,3,40.5,0.25
509,2033,2.71179509163,5e-05,1,-1.0,-1.0
509,2033,2.65324807167,5e-05,2,41.0,0.0
509,2026,2.61084985733,5e-05,2,40.0,0.0
509,2033,2.58755803108,5e-05,3,41.5,0.25
509,2033,2.7417011261,5e-05,1,-1.0,-1.0
509,2033,2.78929710388,5e-05,2,41.0,0.0
509,2026,2.70999288559,5e-05,2,40.0,0.0
510,2039,2.60340619087,5e-05,60,167.118644068,0.172364263143
512,2045,2.68019199371,5e-05,2,33.0,0.0
512,2045,2.7214179039,5e-05,2,33.0,0.0
513,2051,2.61415505409,5e-05,3,48.0,0.0
513,2051,2.74610114098,5e-05,3,48.0,0.0
515,2057,2.61229300499,5e-05,2,41.0,0.0
517,2067,2.63803100586,5e-05,2,39.0,0.0
517,2067,2.73426413536,5e-05,2,39.0,0.0
518,2071,2.70230293274,5e-05,2,39.0,0.0
518,2066,2.62667393684,5e-05,2,37.0,0.0
518,2071,2.7468149662,5e-05,2,39.0,0.0
519,2073,2.70597696304,5e-05,4,52.0,2.66666666667
522,2085,2.63504195213,5e-05,3,48.5,0.25
548,2189,2.82337784767,5e-05,3,71.0,9.0
556,2221,2.85688114166,5e-05,1,-1.0,-1.0
556,2221,2.94534707069,5e-05,1,-1.0,-1.0
560,1833,2.67338681221,5e-05,4,46.3333333333,0.888888888889
560,2237,2.8959710598,5e-05,4,68.0,24.6666666667
560,1833,2.71811389923,5e-05,4,46.3333333333,0.888888888889
562,2245,2.94443702698,5e-05,0,-1.0,-1.0
563,2251,2.89397215843,5e-05,87,114.511627907,0.482422931314
564,2255,2.89889883995,5e-05,2,34.0,0.0
564,2255,2.93988013268,5e-05,2,34.0,0.0
565,2259,2.85141706467,5e-05,43,232.595238095,0.431405895692
569,2273,2.95335793495,5e-05,2,30.0,0.0
569,2273,3.05552601814,5e-05,2,30.0,0.0
570,2277,2.9046599865,5e-05,2,39.0,0.0
578,2309,2.96585416794,5e-05,1,-1.0,-1.0
578,2309,3.03997802734,5e-05,1,-1.0,-1.0
585,2337,3.04937076569,5e-05,2,40.0,0.0
593,2371,3.05318307877,5e-05,91,110.477777778,0.271728395062
603,2409,3.11334896088,5e-05,1,-1.0,-1.0
603,2409,3.15824699402,5e-05,1,-1.0,-1.0
607,2389,3.0701341629,5e-05,98,102.463917526,0.248698055054
609,2433,3.16347503662,5e-05,1,-1.0,-1.0
609,2433,3.25530004501,5e-05,1,-1.0,-1.0
619,2473,3.17936611176,5e-05,2,37.0,0.0
619,2473,3.27055907249,5e-05,2,37.0,0.0
625,2497,3.26009988785,5e-05,0,-1.0,-1.0
635,2537,3.27312088013,5e-05,5,64.0,15.5
639,1953,2.9036719799,5e-05,2,35.0,0.0
639,1953,2.98975491524,5e-05,2,35.0,0.0
641,2561,3.69802808762,5e-05,12,65.0,13.2727272727
641,2561,3.41030406952,5e-05,17,65.25,15.3125
641,2563,3.2395169735,5e-05,71,141.4,0.268571428571
641,2561,3.51954197884,5e-05,12,65.0,13.2727272727
641,2561,3.5609190464,5e-05,17,65.25,15.3125
646,2581,3.35258412361,5e-05,2,28.0,0.0
646,2581,3.43299412727,5e-05,2,28.0,0.0
649,2593,3.33776307106,5e-05,2,31.0,0.0
649,2593,3.4587290287,5e-05,2,31.0,0.0
650,2576,3.31773495674,5e-05,97,102.75,0.1875
650,2576,3.41252398491,5e-05,97,102.75,0.1875
662,2645,3.40901017189,5e-05,4,72.0,12.6666666667
663,2651,3.40459108353,5e-05,2,45.0,0.0
663,2651,3.55961799622,5e-05,2,45.0,0.0
668,2669,3.38412117958,5e-05,3,53.0,0.0
673,2689,3.52107405663,5e-05,2,40.0,0.0
673,2689,3.55066990852,5e-05,2,40.0,0.0
674,2695,3.4217839241,5e-05,104,96.213592233,0.167970591008
675,2697,3.46577596664,5e-05,2,30.0,0.0
675,2697,3.54981279373,5e-05,2,30.0,0.0
678,2692,3.51968288422,5e-05,3,42.5,0.25
678,2692,3.52123904228,5e-05,3,42.5,0.25
678,2692,3.63447809219,5e-05,3,42.5,0.25
678,2692,3.54541110992,5e-05,3,42.5,0.25
683,2457,3.35723280907,5e-05,2,39.0,0.0
683,2653,3.36539506912,5e-05,83,120.841463415,0.133402736466
683,2457,3.47351694107,5e-05,2,39.0,0.0
683,2653,3.51468205452,5e-05,83,120.841463415,0.133402736466
690,2712,3.48131489754,5e-05,3,59.5,0.25
690,2712,3.60070204735,5e-05,3,59.5,0.25
701,2801,3.59813404083,5e-05,2,38.0,0.0
714,2855,3.65682315826,5e-05,4,53.0,0.666666666667
714,2855,3.73853111267,5e-05,4,53.0,0.666666666667
719,2873,3.65800499916,5e-05,5,56.0,5.0
720,2879,3.78335309029,5e-05,2,48.0,0.0
720,2879,3.77905893326,5e-05,2,48.0,0.0
727,2905,3.7465159893,5e-05,2,32.0,0.0
727,2905,3.72573685646,5e-05,3,55.0,1.0
727,2905,3.85056591034,5e-05,2,32.0,0.0
727,2905,3.80687308311,5e-05,2,32.0,0.0
727,2905,3.8104159832,5e-05,2,32.0,0.0
729,2913,3.75920891762,5e-05,3,66.5,2.25
730,2190,3.1824889183,5e-05,102,98.0891089109,0.100970493089
730,2190,3.35840606689,5e-05,102,98.0891089109,0.100970493089
733,2929,3.99897694588,5e-05,0,-1.0,-1.0
733,2929,3.94431805611,5e-05,0,-1.0,-1.0
733,2929,4.11656785011,5e-05,0,-1.0,-1.0
736,2941,3.84746408463,5e-05,2,37.0,0.0
736,2941,3.97421312332,5e-05,2,37.0,0.0
739,2953,3.7515912056,5e-05,1,-1.0,-1.0
741,2565,3.57924509048,5e-05,2,32.0,0.0
741,2565,3.68317699432,5e-05,2,32.0,0.0
742,2965,3.9844429493,5e-05,0,-1.0,-1.0
742,2965,3.86444091797,5e-05,1,-1.0,-1.0
755,2547,3.65955615044,5e-05,2,34.0,0.0
755,2547,3.72972416878,5e-05,2,34.0,0.0
765,2991,3.87494397163,5e-05,97,102.979166667,0.0412326388889
774,3057,3.98228597641,5e-05,118,85.1111111111,0.0987654320988
776,3103,4.02809119225,5e-05,2,42.0,0.0
776,2422,3.54289698601,5e-05,3,43.0,1.0
776,3103,4.248057127,5e-05,2,42.0,0.0
776,2422,3.64763998985,5e-05,3,43.0,1.0
780,3103,3.98217105865,5e-05,83,119.890243902,0.0977096966092
780,3117,4.11077713966,5e-05,0,-1.0,-1.0
780,3103,4.12272500992,5e-05,83,119.890243902,0.0977096966092
782,3125,3.96437382698,5e-05,4,53.0,4.66666666667
787,3147,4.1017229557,5e-05,2,53.0,0.0
787,3138,3.98682308197,5e-05,87,114.5,0.25
787,3147,4.11474084854,5e-05,2,53.0,0.0
787,3138,4.19552302361,5e-05,87,114.5,0.25
792,3165,4.16839003563,5e-05,3,57.5,0.25
799,3102,3.98407912254,5e-05,5,59.0,0.0
799,3102,4.15549898148,5e-05,5,59.0,0.0
800,3197,4.14822697639,5e-05,6,57.6,6.64
800,2790,3.90793299675,5e-05,116,86.1913043478,0.206880907372
800,3198,4.04788088799,5e-05,127,78.746031746,0.411690602167
800,3197,4.35066199303,5e-05,6,57.6,6.64
800,2790,3.97759699821,5e-05,116,86.1913043478,0.206880907372
801,3201,4.11384987831,5e-05,3,41.0,0.0
801,3201,4.31837511063,5e-05,3,41.0,0.0
810,3237,4.23269200325,5e-05,0,-1.0,-1.0
830,2654,3.83805394173,5e-05,167,59.7831325301,2.06140223545
830,2654,3.99721693993,5e-05,167,59.7831325301,2.06140223545
831,2493,3.67894911766,5e-05,96,104.494736842,0.249972299169
831,2493,3.84345602989,5e-05,96,104.494736842,0.249972299169
835,3319,4.32269597054,5e-05,53,188.673076923,0.25850591716
835,3319,4.36573600769,5e-05,53,188.673076923,0.25850591716
838,3324,4.27037000656,5e-05,66,151.661538462,0.223905325444
839,2777,4.00558304787,5e-05,136,73.3925925926,0.238463648834
839,2777,4.03734493256,5e-05,136,73.3925925926,0.238463648834
840,3359,4.27225112915,5e-05,3,50.5,0.25
840,3359,4.51363301277,5e-05,3,50.5,0.25
841,3363,4.25546097755,5e-05,21,463.6,6.44
841,3363,4.37254810333,5e-05,21,463.6,6.44
846,3381,4.51892805099,5e-05,4,55.6666666667,1.55555555556
848,3389,4.38164305687,5e-05,1,-1.0,-1.0
848,3389,4.32793593407,5e-05,86,116.235294118,0.203460207612
848,3389,4.36224293709,5e-05,0,-1.0,-1.0
848,3389,4.34088516235,5e-05,23,435.545454545,4.61157024793
848,3389,4.51741504669,5e-05,1,-1.0,-1.0
852,3405,4.36234402657,5e-05,3,73.5,0.25
853,3409,4.35284996033,5e-05,88,113.597701149,0.240454485401
853,3297,4.28549408913,5e-05,98,101.824742268,0.165161016048
853,3409,4.50908899307,5e-05,88,113.597701149,0.240454485401
854,3376,4.48402285576,5e-05,95,105.361702128,0.252150294251
854,3376,4.56613016129,5e-05,95,105.361702128,0.252150294251
864,3455,4.49062514305,5e-05,5,60.5,11.25
873,3491,4.40971088409,5e-05,2,48.0,0.0
873,3491,4.62765288353,5e-05,2,48.0,0.0
878,3509,4.48454284668,5e-05,2,50.0,0.0
880,3517,4.48610186577,5e-05,80,124.797468354,0.161512578112
880,3517,4.71885108948,5e-05,80,124.797468354,0.161512578112
881,2928,4.10262703896,5e-05,1,-1.0,-1.0
881,2928,4.26283884048,5e-05,1,-1.0,-1.0
890,3557,4.5056040287,5e-05,3,53.0,1.0
892,3565,4.61950111389,5e-05,2,40.0,0.0
892,3565,4.70648503304,5e-05,2,40.0,0.0
897,2924,4.16249489784,5e-05,1,-1.0,-1.0
897,2924,4.45171117783,5e-05,1,-1.0,-1.0
898,3591,4.63100385666,5e-05,3,55.5,0.25
898,3591,4.87812709808,5e-05,3,55.5,0.25
902,3605,4.71369385719,5e-05,2,42.0,0.0
902,3605,4.71158194542,5e-05,2,42.0,0.0
903,3609,4.5913438797,5e-05,4,60.6666666667,4.22222222222
908,3599,4.55454182625,5e-05,111,89.9909090909,0.0453719008264
908,3599,4.70168399811,5e-05,111,89.9909090909,0.0453719008264
909,2727,4.01392602921,5e-05,109,92.0555555556,0.070987654321
909,2727,4.29402184486,5e-05,109,92.0555555556,0.070987654321
911,3641,4.73821902275,5e-05,4,53.0,2.66666666667
911,3641,4.76713395119,5e-05,4,53.0,2.66666666667
922,3064,4.28331208229,5e-05,2,33.0,0.0
922,3064,4.47674298286,5e-05,2,33.0,0.0
927,3707,4.76846790314,5e-05,7,59.1666666667,10.1388888889
927,3707,4.91624403,5e-05,7,59.1666666667,10.1388888889
929,3715,4.79552316666,5e-05,2,52.0,0.0
929,3713,4.78441500664,5e-05,2,41.0,0.0
929,3715,4.88977909088,5e-05,2,52.0,0.0
929,3713,4.91012406349,5e-05,2,41.0,0.0
935,3737,4.75747513771,5e-05,14,62.6153846154,19.1597633136
935,3737,4.77968215942,5e-05,2,54.0,0.0
938,3751,4.83963918686,5e-05,2,47.0,0.0
938,3751,4.80180597305,5e-05,63,158.14516129,0.349895941727
938,3751,4.98535895348,5e-05,2,47.0,0.0
943,3769,4.82850909233,5e-05,2,48.0,0.0
945,3286,4.54796099663,5e-05,2,39.0,0.0
947,3611,4.75989294052,5e-05,110,90.9174311927,0.075751199394
952,3807,4.91750979424,5e-05,4,57.6666666667,1.55555555556
952,3807,5.04096388817,5e-05,4,57.6666666667,1.55555555556
954,3331,4.56166386604,5e-05,2,39.0,0.0
954,3331,4.72906303406,5e-05,2,39.0,0.0
955,3806,4.84932804108,5e-05,76,131.72,0.2016
955,3806,5.07521796227,5e-05,76,131.72,0.2016
959,3833,4.91565418243,5e-05,15,66.0,20.0
978,3909,4.9560790062,5e-05,4,56.3333333333,2.88888888889
978,3909,5.32937121391,5e-05,4,56.3333333333,2.88888888889
986,3845,5.02993798256,5e-05,73,137.305555556,0.295524691358
988,3949,5.02027988434,5e-05,95,105.138297872,0.119171570847
988,3949,5.18815302849,5e-05,95,105.138297872,0.119171570847
989,3903,5.01986312866,5e-05,2,33.0,0.0
989,3903,5.17746210098,5e-05,2,33.0,0.0
990,3948,5.07739210129,5e-05,78,128.207792208,0.190588632147
990,3948,5.20459914207,5e-05,78,128.207792208,0.190588632147
996,2988,4.44107604027,5e-05,129,77.4921875,0.265563964844
996,2988,4.59740710258,5e-05,129,77.4921875,0.265563964844
1000,3318,4.78388094902,5e-05,18,54.4117647059,6.24221453287
1002,4007,5.09657788277,5e-05,3,58.0,0.0
1002,4007,5.24263191223,5e-05,3,58.0,0.0
1004,4015,5.236287117,5e-05,7,62.8333333333,23.4722222222
1007,4019,5.19397616386,5e-05,82,122.75308642,0.185947264137
1007,4025,5.1325199604,5e-05,6,64.0,5.2
1007,4019,5.25277709961,5e-05,82,122.75308642,0.185947264137
1008,3847,5.01362705231,5e-05,116,86.6086956522,0.238185255198
1011,4041,5.26067304611,5e-05,6,51.8,2.56
1011,4041,5.27128195763,5e-05,6,51.8,2.56
1015,4059,5.23958897591,5e-05,4,58.0,0.0
1015,4059,5.43708896637,5e-05,4,58.0,0.0
1020,4077,5.22578811646,5e-05,4,59.0,0.666666666667
1035,3204,4.9944498539,5e-05,2,40.0,0.0
1035,3204,4.88507699966,5e-05,2,40.0,0.0
1038,3537,4.9132900238,5e-05,1,-1.0,-1.0
1038,3537,5.0684440136,5e-05,1,-1.0,-1.0
1039,4155,5.44553184509,5e-05,2,44.0,0.0
1039,4155,5.5515730381,5e-05,2,44.0,0.0
1046,4181,5.32669496536,5e-05,5,59.25,9.1875
1049,4195,5.33697104454,5e-05,4,66.0,0.666666666667
1049,4195,5.52534890175,5e-05,4,66.0,0.666666666667
1051,4191,5.36363720894,5e-05,76,131.12,0.132266666667
1051,4191,5.46400499344,5e-05,76,131.12,0.132266666667
1054,4205,5.42733883858,5e-05,101,98.92,0.0936
1054,4205,5.49375295639,5e-05,101,98.92,0.0936
1054,4213,5.41035199165,5e-05,8,71.1428571429,14.9795918367
1080,4319,5.52744293213,5e-05,8,67.4285714286,7.38775510204
1080,4319,5.81981110573,5e-05,8,67.4285714286,7.38775510204
1084,4333,5.47466087341,5e-05,3,47.0,0.0
1084,4333,5.71022415161,5e-05,3,47.0,0.0
1087,4345,5.6587369442,5e-05,12,68.8181818182,10.8760330579
1091,3994,5.37810111046,5e-05,11,60.9,16.69
1098,4388,5.62901806831,5e-05,39,257.736842105,0.351800554017
1098,4388,5.80988311768,5e-05,39,257.736842105,0.351800554017
1099,4377,5.60342717171,5e-05,1,-1.0,-1.0
1099,4393,5.6753821373,5e-05,1,-1.0,-1.0
1099,4210,5.50180697441,5e-05,47,213.695652174,0.211720226843
1099,4395,5.67548108101,5e-05,138,72.6204379562,1.21359688849
1099,4377,6.83116197586,5e-05,1,-1.0,-1.0
1099,4393,5.79011106491,5e-05,1,-1.0,-1.0
1099,4210,5.69176006317,5e-05,47,213.695652174,0.211720226843
1106,4400,5.77403783798,5e-05,146,68.6068965517,0.293745541023
1106,4400,5.85372018814,5e-05,146,68.6068965517,0.293745541023
1119,4475,5.93764615059,5e-05,3,66.5,0.25
1119,4475,5.97280216217,5e-05,3,66.5,0.25
1122,4442,5.8293800354,5e-05,113,88.6339285714,0.232063137755
1123,4489,5.81934595108,5e-05,5,69.25,1.6875
1127,4507,5.80685281754,5e-05,133,75.4393939394,1.65541781451
1127,4507,6.11248707771,5e-05,133,75.4393939394,1.65541781451
1131,4521,5.81718492508,5e-05,127,78.9047619048,1.41950113379
1140,4458,5.82319712639,5e-05,1,-1.0,-1.0
1140,4458,5.9942741394,5e-05,1,-1.0,-1.0
1143,4475,5.73345685005,5e-05,49,202.770833333,0.176649305556
1143,4475,5.99197888374,5e-05,49,202.770833333,0.176649305556
1149,4593,6.04517292976,5e-05,99,100.663265306,0.223344439817
1149,4593,6.13952112198,5e-05,99,100.663265306,0.223344439817
1156,4621,6.07811999321,5e-05,2,39.0,0.0
1156,4621,6.17704200745,5e-05,2,39.0,0.0
1158,4631,6.05454206467,5e-05,3,63.5,0.25
1158,4631,6.23114514351,5e-05,3,63.5,0.25
1164,4653,5.9542388916,5e-05,5,66.75,4.6875
1171,4656,6.06896996498,5e-05,58,172.701754386,0.244382887042
1171,4656,6.17461514473,5e-05,58,172.701754386,0.244382887042
1179,3915,5.52787399292,5e-05,2,34.0,0.0
1179,3915,5.73157191277,5e-05,2,34.0,0.0
1187,3966,5.83541703224,5e-05,3,42.5,0.25
1187,3966,5.87643194199,5e-05,3,42.5,0.25
1188,4669,6.12385201454,5e-05,92,109.373626374,0.256007728535
1188,4669,6.03967881203,5e-05,92,109.373626374,0.256007728535
1191,4434,5.97384095192,5e-05,110,91.1009174312,0.0907331032741
1192,3733,5.49531888962,5e-05,0,-1.0,-1.0
1192,3733,5.64596581459,5e-05,0,-1.0,-1.0
1200,3871,5.59221386909,5e-05,5,50.25,1.1875
1200,3871,5.93271517754,5e-05,5,50.25,1.1875
1203,3609,5.27440309525,5e-05,108,92.5046728972,0.249978164032
1203,4071,5.76940894127,5e-05,2,31.0,0.0
1203,3609,5.5950729847,5e-05,108,92.5046728972,0.249978164032
1203,4071,5.96049594879,5e-05,2,31.0,0.0
1204,4788,6.12574505806,5e-05,108,92.8037383178,0.157743034326
1211,3808,5.56204581261,5e-05,5,59.5,1.25
1211,3808,5.76175093651,5e-05,5,59.5,1.25
1213,4851,6.32095813751,5e-05,3,63.5,0.25
1213,4851,6.53911209106,5e-05,3,63.5,0.25
1217,3954,5.67251610756,5e-05,4,49.0,0.666666666667
1217,3954,5.85479688644,5e-05,4,49.0,0.666666666667
1219,4873,6.40313792229,5e-05,3,63.5,0.25
1229,4207,5.84464597702,5e-05,2,37.0,0.0
1229,4207,6.13310694695,5e-05,2,37.0,0.0
1231,4923,6.29847788811,5e-05,2,54.0,0.0
1231,4923,6.55104494095,5e-05,2,54.0,0.0
1233,4655,6.19605183601,5e-05,134,74.5187969925,0.430097800893
1233,4655,6.39852595329,5e-05,134,74.5187969925,0.430097800893
1234,4933,6.30494689941,5e-05,2,41.0,0.0
1234,4933,6.55968117714,5e-05,2,41.0,0.0
1237,4945,6.38277292252,5e-05,3,58.5,0.25
1238,4655,6.09061098099,5e-05,147,68.2945205479,0.276271345468
1238,4655,6.27390193939,5e-05,147,68.2945205479,0.276271345468
1240,4939,6.44841003418,5e-05,58,173.771929825,0.211141889812
1240,3894,5.72573018074,5e-05,185,54.1630434783,288.223416824
1240,4939,6.48380589485,5e-05,58,173.771929825,0.211141889812
1240,3894,5.93210816383,5e-05,185,54.1630434783,288.223416824
1241,4742,6.22405385971,5e-05,116,86.6434782609,0.229413988658
1243,4386,6.02326798439,5e-05,2,40.0,0.0
1243,4386,6.27960014343,5e-05,2,40.0,0.0
1244,4975,6.5495569706,5e-05,3,62.0,1.0
1244,4975,6.60096502304,5e-05,3,62.0,1.0
1245,4735,6.2285721302,5e-05,2,44.0,0.0
1245,4735,7.68013501167,5e-05,2,44.0,0.0
1249,4037,5.83814787865,5e-05,103,97.2254901961,0.174644367551
1249,4993,6.41996002197,5e-05,10,71.1111111111,12.7654320988
1249,4037,6.02093195915,5e-05,103,97.2254901961,0.174644367551
1250,4003,5.81520199776,5e-05,2,39.0,0.0
1250,4999,6.52695083618,5e-05,76,132.12,0.558933333333
1250,4003,5.98320508003,5e-05,2,39.0,0.0
1252,4702,6.2645277977,5e-05,1,-1.0,-1.0
1252,4702,7.89658689499,5e-05,1,-1.0,-1.0
1253,5011,6.35836291313,5e-05,5,70.0,5.0
1253,5011,6.60746598244,5e-05,5,70.0,5.0
1260,5037,6.35944509506,5e-05,9,71.875,9.359375
1267,4971,6.57806682587,5e-05,2,39.0,0.0
1267,4971,8.07114815712,5e-05,2,39.0,0.0
1270,5077,6.52139306068,5e-05,0,-1.0,-1.0
1272,5087,6.50160002708,5e-05,106,94.7904761905,0.222766439909
1284,5088,6.63643622398,5e-05,40,248.333333333,0.324786324786
1284,5088,6.75010895729,5e-05,40,248.333333333,0.324786324786
1285,5108,6.59776091576,5e-05,4,61.0,2.0
1285,5108,6.89307188988,5e-05,4,61.0,2.0
1290,5100,6.6876411438,5e-05,93,107.565217391,0.245746691871
1290,5100,6.73780179024,5e-05,93,107.565217391,0.245746691871
1299,3897,6.00074291229,5e-05,90,111.247191011,0.1860876152
1299,3897,6.01142215729,5e-05,90,111.247191011,0.1860876152
1300,5197,6.78097391129,5e-05,2,40.0,0.0
1300,5174,6.73314404488,5e-05,77,130.039473684,0.0642313019391
1300,5197,6.89662909508,5e-05,2,40.0,0.0
1300,5174,6.85727000237,5e-05,77,130.039473684,0.0642313019391
1325,5271,6.77188014984,5e-05,100,100.232323232,0.198551168248
1325,5271,6.94531798363,5e-05,100,100.232323232,0.198551168248
1334,5335,6.84298086166,5e-05,4,63.6666666667,1.55555555556
1334,5215,6.72815489769,5e-05,38,263.243243243,1.64353542732
1334,5335,7.03433609009,5e-05,4,63.6666666667,1.55555555556
1334,5215,6.97038507462,5e-05,38,263.243243243,1.64353542732
1339,4950,6.63010215759,5e-05,1,-1.0,-1.0
1339,5353,6.96208405495,5e-05,5,65.5,3.25
1339,4950,6.84667205811,5e-05,1,-1.0,-1.0
1340,5359,6.84893703461,5e-05,9,69.375,11.734375
1340,5359,7.06084799767,5e-05,9,69.375,11.734375
1343,4029,6.61362886429,5e-05,109,91.7962962963,0.162208504801
1343,4029,6.26190900803,5e-05,109,91.7962962963,0.162208504801
1346,5069,7.70541787148,5e-05,106,94.2761904762,0.2189569161
1346,5381,6.8414709568,5e-05,15,71.5714285714,15.387755102
1346,5069,6.99928092957,5e-05,106,94.2761904762,0.2189569161
1347,5072,6.99558591843,5e-05,102,98.4653465347,0.268601117537
1347,5072,6.96187496185,5e-05,102,98.4653465347,0.268601117537
1348,5391,6.87755298615,5e-05,3,55.5,0.25
1348,5391,7.17017793655,5e-05,3,55.5,0.25
1355,5417,6.91109490395,5e-05,7,64.3333333333,17.2222222222
1361,5428,7.05931806564,5e-05,32,309.516129032,0.249739854318
1365,4095,6.08769011497,5e-05,112,89.8648648649,0.116873630387
1365,4095,6.41301298141,5e-05,112,89.8648648649,0.116873630387
1368,5449,6.96616387367,5e-05,54,186.433962264,2.13243147027
1368,5449,7.19339394569,5e-05,54,186.433962264,2.13243147027
1370,5477,6.99352884293,5e-05,42,237.585365854,0.291493158834
1370,5477,7.32953095436,5e-05,42,237.585365854,0.291493158834
1374,5465,6.98251008987,5e-05,108,93.1775700935,0.164730544152
1374,5465,7.35535907745,5e-05,108,93.1775700935,0.164730544152
1381,5495,7.03832197189,5e-05,2,34.0,0.0
1381,5495,7.27019000053,5e-05,2,34.0,0.0
1403,5609,7.14583921432,5e-05,57,176.928571429,0.0663265306122
1403,5609,7.38542199135,5e-05,57,176.928571429,0.0663265306122
1407,5471,7.07924699783,5e-05,1,-1.0,-1.0
1407,5471,7.49620199203,5e-05,1,-1.0,-1.0
1409,5633,7.35718584061,5e-05,14,74.5384615385,3.01775147929
1414,5607,7.19322180748,5e-05,34,61.9696969697,14.8778696051
1416,5663,7.36453294754,5e-05,7,65.8333333333,6.47222222222
1416,5663,7.44997000694,5e-05,7,65.8333333333,6.47222222222
1417,5667,7.27435708046,5e-05,73,136.486111111,0.249807098765
1417,5667,7.76643800735,5e-05,73,136.486111111,0.249807098765
1420,5677,7.40844321251,5e-05,33,68.375,10.171875
1430,5693,7.60719704628,5e-05,131,76.2307692308,0.208284023669
1430,5693,7.70180106163,5e-05,131,76.2307692308,0.208284023669
1432,4668,6.81086492538,5e-05,1,-1.0,-1.0
1432,4668,6.99769806862,5e-05,1,-1.0,-1.0
1434,5654,8.09675502777,5e-05,76,132.08,0.126933333333
1435,5739,7.30928897858,5e-05,8,67.1428571429,16.4081632653
1446,5725,7.2697019577,5e-05,107,93.4811320755,0.306247775009
1446,5725,7.71336317062,5e-05,107,93.4811320755,0.306247775009
1455,5819,7.44789791107,5e-05,129,77.296875,0.521240234375
1458,5831,7.52703118324,5e-05,86,116.905882353,0.0852595155709
1477,5907,7.50339007378,5e-05,3,53.0,16.0
1477,4754,6.73377299309,5e-05,60,165.86440678,0.117207698937
1477,5907,8.05408191681,5e-05,3,53.0,16.0
1477,4754,7.06655311584,5e-05,60,165.86440678,0.117207698937
1479,5913,7.52341103554,5e-05,3,55.0,9.0
1480,4440,6.54609394073,5e-05,109,91.9166666667,0.0763888888889
1480,4440,6.90403389931,5e-05,109,91.9166666667,0.0763888888889
1488,5780,7.59117412567,5e-05,2,45.0,0.0
1488,5780,7.83396697044,5e-05,2,45.0,0.0
1496,4689,7.02136397362,5e-05,2,31.0,0.0
1496,4689,7.10050106049,5e-05,2,31.0,0.0
1506,5919,7.73892998695,5e-05,2,47.0,0.0
1506,5919,7.93461084366,5e-05,2,47.0,0.0
1509,6033,7.63040685654,5e-05,41,245.875,0.159375
1509,6033,8.00293397903,5e-05,41,245.875,0.159375
1512,6047,7.76010799408,5e-05,8,61.8571428571,21.2653061224
1518,5904,7.628469944,5e-05,121,82.9083333333,0.149930555556
1526,4945,7.12385106087,5e-05,1,-1.0,-1.0
1526,4945,7.3413131237,5e-05,1,-1.0,-1.0
1528,6111,7.7568731308,5e-05,125,79.9596774194,0.845148283039
1528,4996,7.27697610855,5e-05,2,31.0,0.0
1528,6111,8.2729279995,5e-05,125,79.9596774194,0.845148283039
1528,4996,7.46282196045,5e-05,2,31.0,0.0
1536,4791,7.04394197464,5e-05,28,55.1851851852,6.44718792867
1536,6141,7.98475813866,5e-05,109,92.0833333333,0.150462962963
1536,4791,7.25392198563,5e-05,28,55.1851851852,6.44718792867
1539,5840,7.87287187576,5e-05,1,-1.0,-1.0
1539,5840,10.1470358372,5e-05,1,-1.0,-1.0
1540,5507,7.83766007423,5e-05,109,92.0833333333,0.131944444444
1543,6171,7.86125802994,5e-05,99,101.0,0.0204081632653
1551,6192,7.98877096176,5e-05,1,-1.0,-1.0
1551,6192,10.70535779,5e-05,1,-1.0,-1.0
1568,6138,7.99548792839,5e-05,2,43.0,0.0
1568,6138,10.5767650604,5e-05,2,43.0,0.0
1570,6277,8.38788604736,5e-05,2,30.0,0.0
1570,6277,8.10671305656,5e-05,2,31.0,0.0
1570,6277,8.49567198753,5e-05,2,30.0,0.0
1570,6277,8.39516282082,5e-05,2,31.0,0.0
1573,5316,7.53989386559,5e-05,2,35.0,0.0
1573,5316,7.63840222359,5e-05,2,35.0,0.0
1578,5206,7.47081494331,5e-05,0,-1.0,-1.0
1578,5206,7.78777813911,5e-05,0,-1.0,-1.0
1582,6327,8.11463689804,5e-05,128,77.9448818898,0.556017112034
1582,6327,8.31830596924,5e-05,128,77.9448818898,0.556017112034
1585,6222,8.00444293022,5e-05,40,253.897435897,0.707429322814
1585,6222,8.35575318336,5e-05,40,253.897435897,0.707429322814
1589,5054,7.2774951458,5e-05,110,91.2018348624,0.179446174564
1589,5054,7.53683710098,5e-05,110,91.2018348624,0.179446174564
1590,6357,8.19947814941,5e-05,117,85.2931034483,0.345124851367
1593,6248,8.21973204613,5e-05,2,48.0,0.0
1593,6248,10.7949981689,5e-05,2,48.0,0.0
1607,5811,8.07630395889,5e-05,4,60.3333333333,0.222222222222
1607,5811,8.12327003479,5e-05,4,60.3333333333,0.222222222222
1609,5250,7.4902818203,5e-05,0,-1.0,-1.0
1609,5250,7.72833991051,5e-05,0,-1.0,-1.0
1613,6417,8.17100715637,5e-05,10,58.6666666667,8.44444444444
1613,6417,8.49564003944,5e-05,10,58.6666666667,8.44444444444
1616,6312,8.19555497169,5e-05,54,184.830188679,0.178711285155
1616,6312,8.53146505356,5e-05,54,184.830188679,0.178711285155
1621,5967,8.0512201786,5e-05,1,-1.0,-1.0
1621,5986,7.8959748745,5e-05,45,222.454545455,0.247933884298
1621,5967,10.4939069748,5e-05,1,-1.0,-1.0
1629,6446,8.62169599533,5e-05,5,47.75,3.6875
1629,6446,8.85647511482,5e-05,5,47.75,3.6875
1632,5165,7.54177808762,5e-05,0,-1.0,-1.0
1632,5165,7.78188920021,5e-05,0,-1.0,-1.0
1634,6436,8.28511285782,5e-05,67,148.363636364,0.231404958678
1637,6533,8.57032012939,5e-05,108,92.4392523364,0.246309721373
1642,6471,8.50600004196,5e-05,77,129.789473684,0.16620498615
1645,5181,7.46555399895,5e-05,2,37.0,0.0
1645,5181,7.81774806976,5e-05,2,37.0,0.0
1648,6325,8.21598911285,5e-05,9,62.25,11.4375
1648,6325,8.68611502647,5e-05,9,62.25,11.4375
1653,6335,8.28585100174,5e-05,74,135.02739726,0.355413773691
1653,6335,10.9768021107,5e-05,74,135.02739726,0.355413773691
1659,6635,8.53166890144,5e-05,69,145.220588235,0.171929065744
1669,6648,8.67187404633,5e-05,4,52.6666666667,0.222222222222
1669,6648,8.71370100975,5e-05,4,52.6666666667,0.222222222222
1686,6743,8.88569498062,5e-05,94,106.462365591,0.291594403977
1686,6681,8.58268594742,5e-05,96,103.989473684,0.0104155124654
1686,6743,9.31443595886,5e-05,94,106.462365591,0.291594403977
1695,6707,8.50313401222,5e-05,0,-1.0,-1.0
1695,6777,8.64342713356,5e-05,98,101.93814433,0.140503772983
1695,6707,8.85729885101,5e-05,0,-1.0,-1.0
1699,5798,8.14265298843,5e-05,4,60.3333333333,0.222222222222
1699,5798,8.43533992767,5e-05,4,60.3333333333,0.222222222222
1703,6811,8.88948702812,5e-05,6,73.8,4.56
1703,6811,9.0523879528,5e-05,6,73.8,4.56
1706,6423,8.63015794754,5e-05,2,46.0,0.0
1706,6423,11.8720440865,5e-05,2,46.0,0.0
1710,6735,8.75847601891,5e-05,0,-1.0,-1.0
1710,6837,8.91060805321,5e-05,102,97.702970297,0.228605038722
1710,6735,8.85791277885,5e-05,0,-1.0,-1.0
1715,6183,8.34412097931,5e-05,3,44.5,0.25
1715,6183,8.75866889954,5e-05,3,44.5,0.25
1716,6778,8.90877008438,5e-05,94,106.548387097,0.26916406521
1722,5562,7.99964618683,5e-05,2,38.0,0.0
1722,5562,8.37202191353,5e-05,2,38.0,0.0
1723,6629,8.7137029171,5e-05,93,108.130434783,0.374291115312
1723,6629,11.849697113,5e-05,93,108.130434783,0.374291115312
1725,6514,8.60086798668,5e-05,90,111.629213483,0.233303875773
1725,6514,9.11212611198,5e-05,90,111.629213483,0.233303875773
1737,5211,7.98379516602,5e-05,181,55.2833333333,0.369722222222
1743,6003,8.36435604095,5e-05,141,71.0714285714,0.437755102041
1743,6003,8.64233899117,5e-05,141,71.0714285714,0.437755102041
1749,6995,8.99146103859,5e-05,2,59.0,0.0
1749,6995,9.34310293198,5e-05,2,59.0,0.0
1754,7013,8.96263599396,5e-05,2,66.0,0.0
1755,7003,9.05330991745,5e-05,46,215.955555556,0.0424691358025
1761,7043,9.05995988846,5e-05,107,93.3679245283,1.15708437166
1761,7043,9.86273407936,5e-05,107,93.3679245283,1.15708437166
1765,7057,9.17419791222,5e-05,115,86.8245614035,0.320098491844
1777,6633,8.75423693657,5e-05,80,125.911392405,0.0807562890562
1798,5730,8.49101400375,5e-05,0,-1.0,-1.0
1798,5730,8.66970896721,5e-05,0,-1.0,-1.0
1800,7105,9.35782289505,5e-05,67,149.454545455,0.247933884298
1800,7105,9.79070091248,5e-05,67,149.454545455,0.247933884298
1806,7127,9.19038486481,5e-05,72,139.661971831,0.251934140052
1806,7127,9.42430496216,5e-05,72,139.661971831,0.251934140052
1808,5591,8.2018930912,5e-05,99,101.489795918,0.270304039983
1808,5591,8.42424488068,5e-05,99,101.489795918,0.270304039983
1824,7195,9.13836097717,5e-05,0,-1.0,-1.0
1824,7195,9.6642100811,5e-05,0,-1.0,-1.0
1831,7067,9.34276890755,5e-05,97,102.8125,0.423177083333
1831,7067,9.46661901474,5e-05,97,102.8125,0.423177083333
1833,7201,9.87093305588,5e-05,63,160.14516129,0.220863683663
1838,6287,8.81703686714,5e-05,2,33.0,0.0
1838,6287,9.1952650547,5e-05,2,33.0,0.0
1842,5854,8.52408409119,5e-05,118,84.5811965812,2.2434071152
1842,5854,8.48973798752,5e-05,3,63.0,0.0
1842,5854,9.00609898567,5e-05,118,84.5811965812,2.2434071152
1862,7447,9.5815050602,5e-05,10,75.3333333333,6.44444444444
1862,7439,9.5838830471,5e-05,7,75.3333333333,5.55555555556
1862,7447,10.3957309723,5e-05,10,75.3333333333,6.44444444444
1872,7295,9.52471399307,5e-05,0,-1.0,-1.0
1872,7295,9.95978307724,5e-05,0,-1.0,-1.0
1874,7120,9.45018696785,5e-05,1,-1.0,-1.0
1874,7120,13.3997409344,5e-05,1,-1.0,-1.0
1893,7569,9.66173315048,5e-05,7,61.8333333333,14.4722222222
1893,7569,10.0637080669,5e-05,7,61.8333333333,14.4722222222
1895,6969,9.23557090759,5e-05,2,45.0,0.0
1895,6969,13.3320729733,5e-05,2,45.0,0.0
1898,6993,9.50545501709,5e-05,2,49.0,0.0
1898,6993,9.9685049057,5e-05,2,49.0,0.0
1914,7367,9.65449094772,5e-05,1,-1.0,-1.0
1914,7367,14.3882749081,5e-05,1,-1.0,-1.0
1930,7654,10.3956880569,5e-05,90,111.258426966,0.191642469385
1930,7654,10.4790990353,5e-05,90,111.258426966,0.191642469385
1934,6981,9.64738798141,5e-05,11,65.0,13.6
1934,6981,13.7430820465,5e-05,11,65.0,13.6
1940,7682,9.89076781273,5e-05,82,122.407407407,0.488340192044
1940,7682,10.3177571297,5e-05,82,122.407407407,0.488340192044
1951,6389,9.31405901909,5e-05,2,31.0,0.0
1951,6389,9.46387195587,5e-05,2,31.0,0.0
1955,6768,9.42135095596,5e-05,13,558.583333333,1175255.40972
1955,7819,10.0579650402,5e-05,5,59.5,7.25
1955,6768,9.73132991791,5e-05,13,558.583333333,1175255.40972
1958,7831,10.1311991215,5e-05,93,107.565217391,0.332703213611
1958,7831,10.5874128342,5e-05,93,107.565217391,0.332703213611
1961,6960,9.62332105637,5e-05,1,-1.0,-1.0
1961,6960,9.95438599586,5e-05,1,-1.0,-1.0
1966,7863,10.0605251789,5e-05,65,153.421875,0.243896484375
1966,7861,10.1346421242,5e-05,90,110.696629213,0.25628077263
1968,6510,9.53227496147,5e-05,4,47.6666666667,0.222222222222
1968,6510,9.57994794846,5e-05,4,47.6666666667,0.222222222222
1975,6611,9.327450037,5e-05,0,-1.0,-1.0
1975,6611,9.81369304657,5e-05,0,-1.0,-1.0
1997,7647,10.2751870155,5e-05,1,-1.0,-1.0
1997,7647,10.7115700245,5e-05,1,-1.0,-1.0
2000,7997,10.2745218277,5e-05,5,55.5,7.25
2000,7997,10.6728711128,5e-05,5,55.5,7.25
2007,7615,10.2616219521,5e-05,5,61.0,3.5
2007,7615,14.7131650448,5e-05,5,61.0,3.5
2017,8065,10.8423190117,5e-05,16,56.8666666667,10.9155555556
2017,8065,10.9255340099,5e-05,16,56.8666666667,10.9155555556
2037,8147,10.614716053,5e-05,2,50.0,0.0
2037,8147,11.8441479206,5e-05,2,50.0,0.0
2042,8165,10.4755468369,5e-05,2,56.0,0.0
2057,8227,10.4688091278,5e-05,0,-1.0,-1.0
2066,7260,10.0700609684,5e-05,145,68.8680555556,3.36453510802
2066,7260,15.029460907,5e-05,145,68.8680555556,3.36453510802
2081,6267,9.1536450386,5e-05,121,83.0833333333,0.126388888889
2088,7855,10.4819660187,5e-05,1,-1.0,-1.0
2088,7855,10.8705260754,5e-05,1,-1.0,-1.0
2090,6844,9.53354501724,5e-05,49,64.4375,8.78776041667
2092,8367,10.7732300758,5e-05,84,119.180722892,0.14806212803
2092,8367,11.17892313,5e-05,84,119.180722892,0.14806212803
2100,8397,10.7502851486,5e-05,81,124.3625,0.23109375
2101,8403,10.8951809406,5e-05,87,114.593023256,0.264602487831
2109,8296,10.6728231907,5e-05,0,-1.0,-1.0
2109,8296,11.1464848518,5e-05,0,-1.0,-1.0
2126,6378,9.58784794807,5e-05,93,107.5,0.25
2126,6378,10.3223078251,5e-05,93,107.5,0.25
2136,6723,10.0465102196,5e-05,2,38.0,0.0
2136,6723,10.2848558426,5e-05,2,38.0,0.0
2139,8555,10.7661790848,5e-05,121,82.575,1.21104166667
2140,8384,10.8415229321,5e-05,58,172.631578947,0.232686980609
2159,8635,11.0301601887,5e-05,57,174.875,0.109375
2164,8549,11.1348688602,5e-05,38,263.27027027,21.872899927
2164,8549,11.49958992,5e-05,38,263.27027027,21.872899927
2173,8520,11.0928068161,5e-05,0,-1.0,-1.0
2173,8520,11.4843981266,5e-05,0,-1.0,-1.0
2178,7594,10.3498878479,5e-05,41,247.475,0.349375
2179,7670,10.5776400566,5e-05,61,165.166666667,0.172222222222
2179,7670,10.9502501488,5e-05,61,165.166666667,0.172222222222
2181,7979,10.5569300652,5e-05,71,141.785714286,0.911224489796
2181,7979,16.1857020855,5e-05,71,141.785714286,0.911224489796
2191,8736,11.1450638771,5e-05,103,97.431372549,0.304113802384
2191,8736,11.6559820175,5e-05,103,97.431372549,0.304113802384
2207,8827,11.4434831142,5e-05,0,-1.0,-1.0
2217,8867,11.6656210423,5e-05,92,108.538461538,0.248520710059
2217,8867,12.2393670082,5e-05,92,108.538461538,0.248520710059
2221,8881,11.4609899521,5e-05,94,106.258064516,0.212972597988
2229,8915,11.4439470768,5e-05,0,-1.0,-1.0
2242,8967,11.4733769894,5e-05,84,118.963855422,0.107127304398
2242,8965,11.5943038464,5e-05,0,-1.0,-1.0
2242,8967,12.3422009945,5e-05,84,118.963855422,0.107127304398
2246,8981,11.4747018814,5e-05,75,133.972972973,0.837107377648
2247,8987,11.3703711033,5e-05,0,-1.0,-1.0
2254,8984,11.3578290939,5e-05,7,58.0,2.66666666667
2254,8984,12.0580120087,5e-05,7,58.0,2.66666666667
2259,9035,11.7064368725,5e-05,0,-1.0,-1.0
2271,7694,11.303606987,5e-05,103,97.637254902,0.231161091888
2277,8969,11.4039309025,5e-05,45,220.772727273,0.402892561983
2277,8969,12.0556371212,5e-05,45,220.772727273,0.402892561983
2311,9100,11.6938319206,5e-05,28,356.037037037,40.2578875171
2311,9100,12.2120261192,5e-05,28,356.037037037,40.2578875171
2314,7697,10.981306076,5e-05,8,58.1428571429,7.55102040816
2314,7697,11.4590361118,5e-05,8,58.1428571429,7.55102040816
2330,8408,11.6010739803,5e-05,102,98.603960396,1.36790510734
2330,8408,18.0193622112,5e-05,102,98.603960396,1.36790510734
2333,9331,12.0669741631,5e-05,69,144.882352941,0.103806228374
2333,9331,12.6663239002,5e-05,69,144.882352941,0.103806228374
2335,9339,12.386204958,5e-05,2,58.0,0.0
2335,9249,11.9733669758,5e-05,67,149.621212121,0.386822773186
2335,9339,12.7252001762,5e-05,2,58.0,0.0
2335,9249,12.7162289619,5e-05,67,149.621212121,0.386822773186
2338,9349,11.8502571583,5e-05,3,65.5,2.25
2339,9353,11.9380660057,5e-05,70,142.608695652,0.238185255198
2345,7488,10.9056639671,5e-05,2,31.0,0.0
2345,7488,11.6562230587,5e-05,2,31.0,0.0
2352,9348,12.1558618546,5e-05,0,-1.0,-1.0
2352,9348,12.5539522171,5e-05,0,-1.0,-1.0
2356,8789,11.9196000099,5e-05,1,-1.0,-1.0
2356,8789,11.980093956,5e-05,1,-1.0,-1.0
2360,9340,12.0703909397,5e-05,13,704.583333333,46.9097222222
2360,9340,12.4378600121,5e-05,13,704.583333333,46.9097222222
2365,9306,12.1729359627,5e-05,36,276.8,6.56
2365,9306,14.0110769272,5e-05,36,276.8,6.56
2370,9008,11.9807939529,5e-05,3,3016.5,0.25
2370,9008,12.4907081127,5e-05,3,3016.5,0.25
2374,9493,11.9162960052,5e-05,6,64.4,14.64
2374,9493,12.5530657768,5e-05,6,64.4,14.64
2382,7146,10.8158998489,5e-05,82,122.50617284,0.249961896052
2382,7146,10.9248871803,5e-05,82,122.50617284,0.249961896052
2385,8371,11.8371229172,5e-05,116,86.4173913043,1.0431758034
2385,8371,18.7062239647,5e-05,116,86.4173913043,1.0431758034
2402,9571,12.6547889709,5e-05,107,93.5754716981,0.244304022784
2402,9571,12.9645390511,5e-05,107,93.5754716981,0.244304022784
2403,9575,13.0074770451,5e-05,110,91.2385321101,0.181634542547
2403,9575,14.0568230152,5e-05,110,91.2385321101,0.181634542547
2408,7542,11.158110857,5e-05,1,-1.0,-1.0
2408,7542,11.8594038486,5e-05,1,-1.0,-1.0
2415,9594,12.8911981583,5e-05,60,166.576271186,121.193335248
2415,9594,12.5834980011,5e-05,60,166.576271186,121.193335248
2427,9707,12.5111660957,5e-05,0,-1.0,-1.0
2438,7872,11.4610710144,5e-05,2,34.0,0.0
2438,7872,12.5339450836,5e-05,2,34.0,0.0
2442,9767,12.699149847,5e-05,0,-1.0,-1.0
2462,9799,13.5436739922,5e-05,146,68.3586206897,0.367942925089
2462,9799,13.7108540535,5e-05,146,68.3586206897,0.367942925089
2472,9887,12.9499108791,5e-05,41,244.075,0.069375
2472,9887,13.3996670246,5e-05,41,244.075,0.069375
2473,9759,12.5405828953,5e-05,67,150.181818182,0.179063360882
2473,9759,13.4210469723,5e-05,67,150.181818182,0.179063360882
2475,9897,12.8078899384,5e-05,27,375.038461538,0.498520710059
2494,8822,12.1541218758,5e-05,115,87.1315789474,0.67566943675
2494,9950,12.7459189892,5e-05,3,49.5,2.25
2494,8822,13.0213909149,5e-05,115,87.1315789474,0.67566943675
2494,9950,13.8837609291,5e-05,3,49.5,2.25
2513,7703,11.6102130413,5e-05,2,37.0,0.0
2515,10057,12.7465288639,5e-05,4,55.0,0.666666666667
2515,10057,13.289274931,5e-05,4,55.0,0.666666666667
2538,10064,13.0452110767,5e-05,87,115.744186047,0.190373174689
2562,10247,13.1622869968,5e-05,2,61.0,0.0
2562,10247,14.4065978527,5e-05,2,61.0,0.0
2565,10259,13.3891479969,5e-05,31,318.566666667,72524.4455556
2565,10259,15.6214430332,5e-05,31,318.566666667,72524.4455556
2566,10261,13.2468528748,5e-05,2,69.0,0.0
2569,10273,13.6532809734,5e-05,99,100.724489796,102.424094127
2587,8797,12.8345739841,5e-05,108,92.4579439252,0.416455585641
2587,8797,13.2257759571,5e-05,108,92.4579439252,0.416455585641
2605,8849,12.4852330685,5e-05,91,109.522222222,0.24950617284
2605,8849,13.5060269833,5e-05,91,109.522222222,0.24950617284
2610,10384,13.7038149834,5e-05,52,191.666666667,0.653594771242
2610,10384,14.1303360462,5e-05,52,191.666666667,0.653594771242
2625,10472,13.1506671906,5e-05,13,61.8333333333,14.3055555556
2625,10472,14.5605289936,5e-05,13,61.8333333333,14.3055555556
2631,10523,13.6844639778,5e-05,0,-1.0,-1.0
2647,8262,12.1890099049,5e-05,2,31.0,0.0
2647,8262,13.0632691383,5e-05,2,31.0,0.0
2664,9397,13.2931449413,5e-05,0,-1.0,-1.0
2664,9397,13.9770350456,5e-05,0,-1.0,-1.0
2686,9398,13.274600029,5e-05,93,107.195652174,1.04867674858
2686,9398,22.3684868813,5e-05,93,107.195652174,1.04867674858
2689,10755,14.1154489517,5e-05,0,-1.0,-1.0
2700,10759,14.2299180031,5e-05,54,185.301886792,0.210751156995
2700,10759,14.2988469601,5e-05,54,185.301886792,0.210751156995
2705,8115,12.8753271103,5e-05,86,116.282352941,0.202629757785
2705,8115,14.1557359695,5e-05,86,116.282352941,0.202629757785
2746,10983,14.3637039661,5e-05,0,-1.0,-1.0
2749,10921,14.9940431118,5e-05,114,87.6902654867,0.213799044561
2749,10921,15.097479105,5e-05,114,87.6902654867,0.213799044561
2751,10938,16.0033459663,5e-05,120,83.3697478992,0.233034390227
2751,10938,16.7455101013,5e-05,120,83.3697478992,0.233034390227
2777,11028,14.5869269371,5e-05,0,-1.0,-1.0
2777,11028,14.9473261833,5e-05,0,-1.0,-1.0
2788,11088,14.3332428932,5e-05,0,-1.0,-1.0
2788,11151,14.725358963,5e-05,0,-1.0,-1.0
2788,11088,15.6271960735,5e-05,0,-1.0,-1.0
2800,9594,13.634802103,5e-05,54,185.018867925,0.0939836240655
2800,9594,14.423181057,5e-05,54,185.018867925,0.0939836240655
2801,11203,14.9831500053,5e-05,0,-1.0,-1.0
2861,9150,13.3893418312,5e-05,2,55.0,0.0
2861,9150,14.4373869896,5e-05,2,55.0,0.0
2866,11461,14.4725940228,5e-05,0,-1.0,-1.0
2874,10117,14.3223528862,5e-05,21,73.4,17.34
2874,10117,15.9594478607,5e-05,21,73.4,17.34
2900,10397,15.0575249195,5e-05,107,93.1981132075,0.272071911712
2900,10397,25.1527578831,5e-05,107,93.1981132075,0.272071911712
2909,10332,15.6735329628,5e-05,4,59.0,2.0
2909,10332,16.079652071,5e-05,4,59.0,2.0
2911,9886,14.0319361687,5e-05,70,142.565217391,0.274732199118
2911,9886,14.9304859638,5e-05,70,142.565217391,0.274732199118
2914,11517,15.4622309208,5e-05,6,56.0,1.6
2914,11517,16.5295000076,5e-05,6,56.0,1.6
2919,10748,14.6241309643,5e-05,85,117.273809524,0.198837868481
2919,10748,16.0060749054,5e-05,85,117.273809524,0.198837868481
2922,11687,15.1811170578,5e-05,45,221.227272727,0.175619834711
2922,11687,16.6154308319,5e-05,45,221.227272727,0.175619834711
2924,11693,15.4287497997,5e-05,81,124.4875,0.24984375
2927,11707,15.5458781719,5e-05,0,-1.0,-1.0
2945,11779,15.9437530041,5e-05,113,88.5446428571,0.319435586735
2949,11795,15.6911728382,5e-05,0,-1.0,-1.0
2961,9621,14.8429450989,5e-05,128,78.0236220472,0.479756959514
2961,9621,15.5416240692,5e-05,128,78.0236220472,0.479756959514
2965,11857,15.8643140793,5e-05,5,59.75,4.6875
2965,11857,16.9715740681,5e-05,5,59.75,4.6875
2966,11837,17.4806969166,5e-05,95,104.872340426,0.111362607515
2966,11837,16.6878530979,5e-05,95,104.872340426,0.111362607515
2969,10644,14.8827130795,5e-05,2,47.0,0.0
2969,10644,16.7752490044,5e-05,2,47.0,0.0
2978,11877,15.323925972,5e-05,143,69.6901408451,4.53779012101
2978,11877,16.8689439297,5e-05,143,69.6901408451,4.53779012101
2987,11947,15.9508841038,5e-05,0,-1.0,-1.0
3022,9400,14.679972887,5e-05,2,40.0,0.0
3022,9400,15.5795710087,5e-05,2,40.0,0.0
3046,12183,16.9160809517,5e-05,0,-1.0,-1.0
3050,12197,17.3204948902,5e-05,2,36.0,0.0
3050,12197,18.3570160866,5e-05,2,36.0,0.0
3051,12201,16.7459859848,5e-05,2,35.0,0.0
3051,10799,16.009262085,5e-05,66,152.953846154,2.04402366864
3051,12201,25.6464400291,5e-05,2,35.0,0.0
3051,10799,27.3061988354,5e-05,66,152.953846154,2.04402366864
3089,11382,16.0865089893,5e-05,99,101.367346939,0.477301124531
3089,11382,17.6194272041,5e-05,99,101.367346939,0.477301124531
3119,12473,17.5298249722,5e-05,89,112.386363636,0.23708677686
3119,12473,17.8155810833,5e-05,89,112.386363636,0.23708677686
3161,12643,17.6267659664,5e-05,0,-1.0,-1.0
3162,12647,18.1857528687,5e-05,40,250.41025641,0.600920447074
3162,12647,19.2549960613,5e-05,40,250.41025641,0.600920447074
3166,12661,17.6386799812,5e-05,43,232.738095238,0.288548752834
3172,11274,16.4458999634,5e-05,120,83.756302521,1.52884683285
3172,11274,28.9533178806,5e-05,120,83.756302521,1.52884683285
3179,10857,16.6116120815,5e-05,0,-1.0,-1.0
3179,10857,17.5962808132,5e-05,0,-1.0,-1.0
3191,12761,18.4184360504,5e-05,132,75.6946564885,1.05180350795
3191,12761,18.2386488914,5e-05,132,75.6946564885,1.05180350795
3197,12785,17.8474979401,5e-05,79,126.179487179,0.147271531887
3197,12785,19.5316610336,5e-05,79,126.179487179,0.147271531887
3205,11254,17.4997410774,5e-05,2,42.0,0.0
3205,11254,17.9474179745,5e-05,2,42.0,0.0
3210,12839,19.2199578285,5e-05,0,-1.0,-1.0
3210,12839,19.6397869587,5e-05,0,-1.0,-1.0
3217,12865,17.8973350525,5e-05,0,-1.0,-1.0
3221,12844,18.3463728428,5e-05,0,-1.0,-1.0
3223,12870,17.458220005,5e-05,4,57.6666666667,0.222222222222
3223,12870,17.7133629322,5e-05,4,57.6666666667,0.222222222222
3271,11302,17.3935830593,5e-05,100,100.565656566,0.245689215386
3271,11302,30.3683309555,5e-05,100,100.565656566,0.245689215386
3287,13145,18.4114460945,5e-05,4,61.3333333333,1.55555555556
3287,13145,19.9021010399,5e-05,4,61.3333333333,1.55555555556
3289,11463,17.742358923,5e-05,63,159.370967742,0.684963579605
3289,11463,29.9849960804,5e-05,63,159.370967742,0.684963579605
3299,13195,19.200963974,5e-05,58,171.070175439,0.100338565713
3299,13195,20.6081228256,5e-05,58,171.070175439,0.100338565713
3306,13221,18.1689519882,5e-05,62,161.885245902,0.134372480516
3310,11037,17.0203740597,5e-05,0,-1.0,-1.0
3310,11037,18.8557918072,5e-05,0,-1.0,-1.0
3313,11888,17.0557100773,5e-05,38,263.405405405,0.403214024836
3313,11888,18.8775808811,5e-05,38,263.405405405,0.403214024836
3322,13285,18.637155056,5e-05,1,-1.0,-1.0
3322,13285,21.8556301594,5e-05,1,-1.0,-1.0
3326,10807,17.0511679649,5e-05,95,105.170212766,0.162516976007
3342,13336,18.323538065,5e-05,3,47.5,2.25
3342,13336,20.5984039307,5e-05,3,47.5,2.25
3370,13477,18.6415390968,5e-05,142,70.3617021277,0.869171570847
3370,13477,23.1659100056,5e-05,142,70.3617021277,0.869171570847
3385,13513,18.3077750206,5e-05,131,76.1,1.12076923077
3385,13513,20.7993810177,5e-05,131,76.1,1.12076923077
3387,10322,16.2932760715,5e-05,152,65.6688741722,0.261216613306
3387,10322,17.161303997,5e-05,152,65.6688741722,0.261216613306
3395,11878,17.5751450062,5e-05,56,178.618181818,0.272396694215
3395,11878,19.307352066,5e-05,56,178.618181818,0.272396694215
3423,13668,19.1469988823,5e-05,2,44.0,0.0
3423,13668,21.927159071,5e-05,2,44.0,0.0
3480,13822,20.2470798492,5e-05,51,197.98,1.2996
3480,13822,22.2201828957,5e-05,51,197.98,1.2996
3499,11626,18.436647892,5e-05,110,90.6605504587,0.242572174059
3499,11626,32.8996171951,5e-05,110,90.6605504587,0.242572174059
3521,13908,21.0956428051,5e-05,0,-1.0,-1.0
3521,13908,22.3895478249,5e-05,0,-1.0,-1.0
3538,14151,21.3812921047,5e-05,0,-1.0,-1.0
3557,10817,18.6924278736,5e-05,2,36.0,0.0
3577,14305,20.5003349781,5e-05,5,60.0,1.0
3577,14305,21.0970721245,5e-05,5,60.0,1.0
3603,14409,21.1202790737,5e-05,0,-1.0,-1.0
3611,14443,21.9172339439,5e-05,0,-1.0,-1.0
3611,14443,23.1777470112,5e-05,0,-1.0,-1.0
3617,14465,21.5583429337,5e-05,0,-1.0,-1.0
3652,14605,21.1473839283,5e-05,38,265.648648649,0.281957633309
3652,14605,24.6789970398,5e-05,38,265.648648649,0.281957633309
3661,14643,22.5219969749,5e-05,0,-1.0,-1.0
3662,12690,23.6526019573,5e-05,1,-1.0,-1.0
3662,12690,30.1759109497,5e-05,1,-1.0,-1.0
3663,14651,21.6022109985,5e-05,50,198.897959184,0.0916284881299
3663,14651,29.0591049194,5e-05,50,198.897959184,0.0916284881299
3674,14693,21.5510699749,5e-05,49,202.5625,0.24609375
3693,14745,22.6066050529,5e-05,0,-1.0,-1.0
3707,14825,26.0764489174,5e-05,3,54.5,0.25
3707,14825,24.9153170586,5e-05,3,54.5,0.25
3738,11966,20.5103669167,5e-05,96,104.452631579,0.268808864266
3738,11966,22.6184048653,5e-05,96,104.452631579,0.268808864266
3739,11969,19.8585519791,5e-05,110,91.2385321101,0.1999831664
3760,12586,20.9295089245,5e-05,4,66.0,8.66666666667
3760,12586,25.6266720295,5e-05,4,66.0,8.66666666667
3765,12476,19.623513937,5e-05,7,62.6666666667,1.22222222222
3765,12476,22.6032340527,5e-05,7,62.6666666667,1.22222222222
3798,12941,20.5441279411,5e-05,49,204.75,0.3125
3798,12941,23.8297228813,5e-05,49,204.75,0.3125
3860,15418,22.9991359711,5e-05,125,79.685483871,1.05430541103
3860,15418,26.186095953,5e-05,125,79.685483871,1.05430541103
3914,15622,24.0469040871,5e-05,84,118.493975904,0.274060095805
3914,15622,24.740929842,5e-05,84,118.493975904,0.274060095805
3932,15713,25.3879408836,5e-05,0,-1.0,-1.0
3938,15685,34.9098501205,5e-05,99,101.632653061,0.232403165348
3938,15685,27.3442521095,5e-05,99,101.632653061,0.232403165348
3941,15761,24.3995399475,5e-05,53,188.461538462,0.248520710059
3949,15746,24.0697579384,5e-05,0,-1.0,-1.0
3990,15957,25.7131090164,5e-05,5,60.0,4.5
3990,15957,28.0511920452,5e-05,5,60.0,4.5
3996,13412,23.5771560669,5e-05,96,104.157894737,0.490858725762
3996,13412,35.6382279396,5e-05,96,104.157894737,0.490858725762
4007,12847,24.9162230492,5e-05,2,31.0,0.0
4007,12847,24.8837211132,5e-05,2,31.0,0.0
4080,16279,26.1922430992,5e-05,0,-1.0,-1.0
4187,13293,25.6027548313,5e-05,135,73.8880597015,0.353141011361
4187,13293,26.2209141254,5e-05,135,73.8880597015,0.353141011361
4196,14032,25.294095993,5e-05,4,53.6666666667,0.222222222222
4196,14032,28.6145148277,5e-05,4,53.6666666667,0.222222222222
4204,16801,28.93126297,5e-05,0,-1.0,-1.0
4228,16542,28.958479166,5e-05,5,52.75,3.6875
4228,16542,32.6624059677,5e-05,5,52.75,3.6875
4238,14446,26.8494870663,5e-05,8,62.7142857143,0.489795918367
4238,14446,30.6826908588,5e-05,8,62.7142857143,0.489795918367
4241,16593,30.6090040207,5e-05,4,53.0,0.666666666667
4241,16593,41.1049787998,5e-05,4,53.0,0.666666666667
4360,17439,30.607115984,5e-05,0,-1.0,-1.0
4385,13837,26.1740379333,5e-05,3,48.5,0.25
4385,13837,27.8933110237,5e-05,3,48.5,0.25
4456,14121,26.5800299644,5e-05,131,76.4307692308,0.245207100592
4502,14445,26.6351399422,5e-05,118,85.1196581197,0.122434071152
4502,14445,32.5167431831,5e-05,118,85.1196581197,0.122434071152
4506,14340,27.010324955,5e-05,99,101.234693878,0.179612661391
4506,14340,29.7797040939,5e-05,99,101.234693878,0.179612661391
4508,14347,28.3993849754,5e-05,2,51.0,0.0
4509,14352,28.8248000145,5e-05,9,87.25,0.9375
4509,14352,32.0151851177,5e-05,9,87.25,0.9375
4523,18089,30.667098999,5e-05,96,104.757894737,0.204542936288
4523,18089,36.4106740952,5e-05,96,104.757894737,0.204542936288
4548,18191,31.7815401554,5e-05,0,-1.0,-1.0
4615,18459,33.172672987,5e-05,0,-1.0,-1.0
4628,15419,31.7007601261,5e-05,32,313.548387097,0.634755463059
4685,18739,35.0297138691,5e-05,0,-1.0,-1.0
4745,18977,34.5598258972,5e-05,3,56.0,1.0
4745,18977,43.5979580879,5e-05,3,56.0,1.0
4840,15809,33.3032560349,5e-05,125,79.7822580645,0.267104578564
4890,19559,36.9368479252,5e-05,0,-1.0,-1.0
4895,15580,33.1198120117,5e-05,14,63.6923076923,18.3668639053
4895,15580,34.8184781075,5e-05,14,63.6923076923,18.3668639053
4896,19575,36.6631040573,5e-05,0,-1.0,-1.0
4923,19691,35.5780038834,5e-05,0,-1.0,-1.0
4933,16491,33.4924640656,5e-05,47,214.673913043,0.350189035917
4933,16491,38.7102570534,5e-05,47,214.673913043,0.350189035917
4963,16942,33.7651581764,5e-05,90,111.426966292,0.312081807853
4963,16942,39.4649169445,5e-05,90,111.426966292,0.312081807853
5021,20081,37.3036081791,5e-05,0,-1.0,-1.0
5073,20274,38.4433748722,5e-05,0,-1.0,-1.0
5076,16782,37.8755738735,5e-05,7,59.5,4.58333333333
5076,16782,38.9754238129,5e-05,7,59.5,4.58333333333
5104,15954,34.7264809608,5e-05,5,60.5,7.25
5104,15954,40.1122319698,5e-05,5,60.5,7.25
5129,16600,38.1463999748,5e-05,2,43.0,0.0
5137,20535,40.0526461601,5e-05,0,-1.0,-1.0
5423,19646,41.3106770515,5e-05,91,110.311111111,0.236543209877
5423,19646,45.4660818577,5e-05,91,110.311111111,0.236543209877
5438,17024,41.6063909531,5e-05,8,59.1428571429,8.97959183673
5438,17024,44.4698250294,5e-05,8,59.1428571429,8.97959183673
5455,21817,43.8178050518,5e-05,0,-1.0,-1.0
5543,19211,42.5910220146,5e-05,3,52.0,0.0
5605,17705,41.7604529858,5e-05,10,60.4444444444,8.69135802469
5605,17705,45.7329239845,5e-05,10,60.4444444444,8.69135802469
5616,18382,41.9412720203,5e-05,2,33.0,0.0
5616,18382,44.1769340038,5e-05,2,33.0,0.0
5674,20075,44.5067901611,5e-05,13,58.25,16.1875
5749,22993,46.7194600105,5e-05,0,-1.0,-1.0
5807,18743,43.7284610271,5e-05,2,35.0,0.0
5807,18743,51.7317450047,5e-05,2,35.0,0.0
5814,20292,45.5183310509,5e-05,5,53.25,5.6875
5820,19053,44.7078220844,5e-05,102,98.2376237624,0.18115870993
5828,18414,42.5335819721,5e-05,12,68.3636363636,12.0495867769
5917,20816,48.9368200302,5e-05,70,142.420289855,0.272631800042
5917,20816,52.6263699532,5e-05,70,142.420289855,0.272631800042
5931,18894,48.2629888058,5e-05,122,81.9256198347,0.10190560754
5931,18894,49.2527530193,5e-05,122,81.9256198347,0.10190560754
5936,23741,52.1371519566,5e-05,0,-1.0,-1.0
5944,23724,49.6402480602,5e-05,0,-1.0,-1.0
5948,19097,46.3605971336,5e-05,71,140.642857143,0.229591836735
5948,19097,50.8279118538,5e-05,71,140.642857143,0.229591836735
5988,23951,50.2707500458,5e-05,0,-1.0,-1.0
6022,18953,46.7226910591,5e-05,2,41.0,0.0
6046,18880,46.3349978924,5e-05,5,56.75,3.6875
6046,18880,50.3238818645,5e-05,5,56.75,3.6875
6050,19065,47.8336100578,5e-05,2,49.0,0.0
6050,19065,52.3233189583,5e-05,2,49.0,0.0
6112,19232,48.6841170788,5e-05,4,57.3333333333,1.55555555556
6156,19629,49.4224750996,5e-05,126,79.328,0.236416
6156,19629,54.5247280598,5e-05,126,79.328,0.236416
6190,18843,50.6070020199,5e-05,3,43.0,0.0
6190,18843,53.6714258194,5e-05,3,43.0,0.0
6291,22354,51.5050828457,5e-05,4,51.6666666667,1.55555555556
6327,20060,51.6916120052,5e-05,94,106.924731183,0.069603422361
6327,20060,52.1265120506,5e-05,94,106.924731183,0.069603422361
6368,25453,55.0298981667,5e-05,0,-1.0,-1.0
6581,22945,57.6205339432,5e-05,5,59.75,18.6875
6613,22061,54.4217479229,5e-05,2,41.0,0.0
6687,26745,61.0408060551,5e-05,0,-1.0,-1.0
6695,22260,54.735476017,5e-05,132,75.8015267176,1.31938698211
6728,23582,55.9698500633,5e-05,5,51.0,5.0
6828,23750,59.9932439327,5e-05,2,39.0,0.0
6891,27561,60.9225380421,5e-05,0,-1.0,-1.0
7122,22015,59.1655051708,5e-05,161,62.36875,0.2702734375
7157,22155,64.3963301182,5e-05,44,228.930232558,8.48350459708
7157,22155,63.593072176,5e-05,44,228.930232558,8.48350459708
7275,25800,61.5949470997,5e-05,72,140.084507042,0.161872644317
7275,25800,68.1049311161,5e-05,72,140.084507042,0.161872644317
7360,23835,62.1000239849,5e-05,123,81.7049180328,0.240795485085
7360,23835,66.7873589993,5e-05,123,81.7049180328,0.240795485085
7366,29461,65.5678048134,5e-05,0,-1.0,-1.0
7502,24171,62.8498549461,5e-05,96,104.747368421,0.209861495845
7509,24155,62.1484827995,5e-05,95,105.404255319,0.240832956089
7826,26863,67.7601208687,5e-05,101,99.51,0.4299
7853,24066,69.8265900612,5e-05,2,36.0,0.0
7853,24066,70.67537117,5e-05,2,36.0,0.0
7871,24482,69.6772060394,5e-05,141,71.1142857143,0.201224489796
8059,27611,69.2740821838,5e-05,65,154.34375,0.3193359375
8059,27611,72.5278260708,5e-05,65,154.34375,0.3193359375
8332,29180,72.5974740982,5e-05,5,54.5,3.25
8389,27680,77.2357320786,5e-05,11,58.2,15.96
8531,34121,79.1970729828,5e-05,0,-1.0,-1.0
8925,32034,83.3090529442,5e-05,5,59.75,8.1875
8930,27914,75.5683782101,5e-05,1,-1.0,-1.0
8943,27329,80.4625031948,5e-05,4,50.6666666667,0.222222222222
8943,27329,82.0950989723,5e-05,4,50.6666666667,0.222222222222
8954,35794,91.7346711159,5e-05,51,196.24,0.1824
8954,35794,92.3666250706,5e-05,51,196.24,0.1824
8965,28054,82.5080800056,5e-05,1,-1.0,-1.0
8965,28054,76.4967019558,5e-05,1,-1.0,-1.0
9209,29379,79.4161288738,5e-05,5,72.0,5.5
9335,30039,82.052298069,5e-05,124,81.0243902439,368.527860401
9335,30039,88.4072220325,5e-05,124,81.0243902439,368.527860401
9575,33792,85.630136013,5e-05,5,53.25,5.6875
9639,30534,83.2770578861,5e-05,2,42.0,0.0
9662,30626,90.6898310184,5e-05,2,54.0,0.0
9662,30626,84.9996240139,5e-05,2,54.0,0.0
9735,34067,86.5264360905,5e-05,6,58.8,6.56
9775,39097,90.5516629219,5e-05,5,72.0,4.0
9775,39097,102.018819094,5e-05,5,72.0,4.0
9896,34271,94.5077199936,5e-05,5,52.25,4.6875
9897,32077,92.51039505,5e-05,3,48.5,0.25
9921,31699,87.2478427887,5e-05,119,84.4406779661,0.246480896294
9921,31699,89.6490881443,5e-05,119,84.4406779661,0.246480896294
10140,33301,90.446185112,5e-05,104,95.9223300971,0.0716372890942
10149,32551,97.9893929958,5e-05,125,80.4435483871,0.262942247659
10149,32551,97.172991991,5e-05,125,80.4435483871,0.262942247659
10165,32601,89.9405579567,5e-05,4,50.6666666667,3.55555555556
10165,32601,100.190817118,5e-05,4,50.6666666667,3.55555555556
10207,32031,94.7804119587,5e-05,2,41.0,0.0
10234,32071,94.6082510948,5e-05,83,120.792682927,0.164336704343
10234,32071,94.0030801296,5e-05,83,120.792682927,0.164336704343
10241,31901,88.586853981,5e-05,119,83.9152542373,0.111462223499
10241,31901,94.4421329498,5e-05,119,83.9152542373,0.111462223499
10372,35958,93.975525856,5e-05,29,60.4285714286,13.5306122449
11233,34984,99.8665649891,5e-05,2,39.0,0.0
11233,34984,110.32161212,5e-05,2,39.0,0.0
11241,35373,103.293298006,5e-05,121,82.4916666667,0.249930555556
11525,38859,107.692455053,5e-05,2,40.0,0.0
11662,41379,110.544493914,5e-05,146,68.4137931034,0.463258026159
11754,38255,107.940823078,5e-05,28,63.3333333333,9.85185185185
11754,38255,110.339691162,5e-05,28,63.3333333333,9.85185185185
11888,44148,110.387032032,5e-05,89,113.204545455,0.16270661157
11888,44148,118.374155045,5e-05,89,113.204545455,0.16270661157
12084,41913,112.181135893,5e-05,139,72.1956521739,0.200850661626
12146,42571,111.366353035,5e-05,4,51.6666666667,1.55555555556
12172,37171,110.205044031,5e-05,3,60.5,12.25
12172,37171,110.723766088,5e-05,3,60.5,12.25
12323,43962,115.594703913,5e-05,5,52.25,3.6875
12476,42410,114.306973934,5e-05,132,75.6183206107,0.251267408659
12769,39598,114.427479982,5e-05,2,46.0,0.0
12769,39598,115.577419996,5e-05,2,46.0,0.0
12915,45852,119.926346064,5e-05,142,70.4680851064,0.447562999849
13090,40501,123.842890978,5e-05,2,54.0,0.0
13090,40501,123.512870073,5e-05,2,54.0,0.0
13115,49055,126.583631992,5e-05,65,153.96875,0.0302734375
14857,53486,139.561642885,5e-05,3,50.0,0.0
14857,53486,153.523865938,5e-05,3,50.0,0.0
14896,47983,139.366390944,5e-05,79,127.487179487,0.249835634451
14896,47983,135.812135935,5e-05,96,104.652631579,0.247756232687
14896,47983,151.314804077,5e-05,79,127.487179487,0.249835634451
15147,46635,137.546674967,5e-05,5,59.5,0.75
15147,46635,140.408251047,5e-05,5,59.5,0.75
15252,49324,146.113587856,5e-05,14,59.8461538462,1.51479289941
15423,47987,144.367575884,5e-05,2,38.0,0.0
15423,47987,156.736135006,5e-05,2,38.0,0.0
15465,48314,142.617367029,5e-05,4,49.6666666667,1.55555555556
15465,48314,147.594666004,5e-05,4,49.6666666667,1.55555555556
15506,56907,147.316071987,5e-05,3,41.5,0.25
16076,52708,147.301049948,5e-05,8,59.4285714286,9.67346938776
16368,50656,151.936342955,5e-05,4,51.0,0.666666666667
16403,50796,150.03057003,5e-05,59,171.327586207,1.56510107015
16403,50796,164.68313694,5e-05,59,171.327586207,1.56510107015
16563,50919,161.700829029,5e-05,2,38.0,0.0
16563,50919,165.613635063,5e-05,2,38.0,0.0
16598,54366,159.442845106,5e-05,164,61.1656441718,2.16274605744
16598,54366,159.146844864,5e-05,164,61.1656441718,2.16274605744
16702,52086,156.382939816,5e-05,2,39.0,0.0
17324,59008,165.357424021,5e-05,8,55.1428571429,5.26530612245
17610,53649,170.94259882,5e-05,2,40.0,0.0
17626,53717,163.96440506,5e-05,2,50.0,0.0
17626,53717,170.027507067,5e-05,2,50.0,0.0
19237,66764,185.677256823,5e-05,7,64.6666666667,14.8888888889
19262,62553,184.576287985,5e-05,2,41.0,0.0
19359,58844,182.156379938,5e-05,85,118.797619048,204.828089569
19359,58844,188.268778801,5e-05,85,118.797619048,204.828089569
20120,62762,190.114142895,5e-05,3,47.5,0.25
20208,63239,193.169035912,5e-05,3,48.0,4.0
20208,63239,215.919510841,5e-05,3,48.0,4.0
20546,71441,199.579749107,5e-05,88,113.402298851,0.263442991148
20923,65247,195.86117506,5e-05,59,170.672413793,0.220273483948
21096,65097,214.175400972,5e-05,111,89.8727272727,0.911074380165
21096,65097,205.149721146,5e-05,111,89.8727272727,0.911074380165
21101,65116,202.183432102,5e-05,118,84.5128205128,0.779750164366
21158,74993,209.988080025,5e-05,105,95.5576923077,0.246671597633
21158,74993,211.943806171,5e-05,105,95.5576923077,0.246671597633
21826,68984,202.759718895,5e-05,103,97.3235294118,0.238465974625
21826,68984,200.806710005,5e-05,5,64.0,0.5
21826,68984,216.093888998,5e-05,103,97.3235294118,0.238465974625
23901,88248,237.843147993,5e-05,112,89.6756756757,0.237156074994
23901,88248,256.831248045,5e-05,112,89.6756756757,0.237156074994
26915,91564,256.289011002,5e-05,124,81.0162601626,0.0159957697138
27511,85870,261.261801958,5e-05,75,132.878378378,0.106829802776
27511,85870,290.642282009,5e-05,75,132.878378378,0.106829802776
27515,88820,264.181442022,5e-05,34,78.9696969697,11.8475665748
27882,111525,276.81263113,5e-05,106,94.3238095238,0.580861678005
28206,87295,280.777763844,5e-05,4,49.6666666667,0.222222222222
28206,87295,303.879033089,5e-05,4,49.6666666667,0.222222222222
32731,100558,309.017470837,5e-05,176,56.9771428571,3.72519183673
45695,139309,429.017736912,5e-05,83,120.536585366,0.248661511005
45695,139309,435.452117205,5e-05,83,120.536585366,0.248661511005
64273,197443,616.86736083,5e-05,126,79.504,0.249984
64666,198617,610.863009214,5e-05,70,143.985507246,0.0142827137156
64666,198617,643.017882109,5e-05,70,143.985507246,0.0142827137156
